Words,Frequency
#delhistreetfood,15
#streetfood,13
#recipe,11
#thegreatindianfoodie,11
#foodieincarnate,10
#dilsefoodie,9
#dilsecouple,9
#foodporn,8
#delhigram,8
#desifood,8
#desikhana,8
#mumbaistreetfood,8
#indianfoodbloggers,8
#foodzeee,8
#sodelhi,7
#foodtalkindia,7
#newdelhi,7
#indianstreetfood,7
#indianfood,6
#streetfoodindia,6
#reelkarofeelkaro,6
#tgif,6
#foodie,5
#delhifoodblogger,5
#foodblogger,5
#indianfoodie,5
#indianfoodblogger,5
#delhifood,5
#foodgasm,4
#mumbai,4
#delhi,4
#reels,4
#indiancuisine,3
#yourfoodlab,3
#sanjyotkeer,3
#homemade,3
#foodiesofindia,3
#foodpornshare,3
#foodlover,3
#foodgram,3
#foodiesofinstagram,3
#delhifoodie,3
#reelitfeelit,3
#reelsinstagram,3
#viralfood,3
#explore,3
#thali,3
#paneer,3
#icecream,3
#indiansweets,3
#spicy,3
#YFL,2
#foodism,2
#pancake,2
#IndiaLove,2
#indiaat75,2
#mumbaifood,2
#pavbhaji,2
#chole,2
#highway,2
#PrimeDay,2
#chicken,2
#pavbhajiicecream,2
#icecreamroll,2
#foodreels,2
#chaat,2
#chatore,2
#northindianfood,2
#kolkatastreetfood,2
#IndiaILove,1
#IndiaAt75,1
#indoremerijaan,1
#2Million,1
#frankie,1
#schezwan,1
#schezwanfrankie,1
#foodstagram,1
#rewind,1
#monsoon,1
#ussalVada,1
#desert,1
#pancakeday,1
#pancakelover,1
#burmesekhowsuey,1
#monsoonswithyfl,1
#indorespecial,1
#bhuttekakees,1
#ruralindia,1
#santacruz,1
#munbaifoodie,1
#somumbai,1
#pakora,1
#indianrecipes,1
#samosa,1
#vadapav,1
#bangalorefood,1
#bhajji,1
#mumbaifoodies,1
#delhifoodblog,1
#mumbaifoodlovers,1
#goodfoodindia,1
#sokolkata,1
#chutney,1
#snack,1
#paratha,1
#Jaipur,1
#patna,1
#bihar,1
#pune,1
#gurugram,1
#kolkata,1
#shahdara,1
#eastdelhi,1
#southindianfood,1
#dessert,1
#desserts,1
#mithai,1
#indiandessert,1
#soulfood,1
#balushahi,1
#sobangalore,1
#dessertporn,1
#panipuri,1
#nashik,1
#sweetcorn,1
#bhutta,1
#cholebhature,1
#bhature,1
#paharganj,1
#puranidilli,1
#streetfoods,1
#streetfoodlover,1
#instafoodlover,1
#delhite,1
#olddelhi,1
#foodinstagram,1
#instagramfood,1
#kulcha,1
#chana,1
#gulabjamun,1
#gujju,1
#khakhra,1
#say_no_to_plastic,1
#pizza,1
#pizzalover,1
#sirohi,1
#rajasthan,1
#highwayfood,1
#dhaba,1
#travelblogger,1
#foodbloggers,1
#mumbaifoodie,1
#travelfood,1
#indiatravel,1
#rajasthanfood,1
#localflavor,1
#amarsirohi,1
#mountabu,1
#rajasthanifood,1
#Sure,1
#BabaRamdev,1
#JanmashtamiComboBags,1
#SignatureGiftBoxes,1
#Janmashtami,1
#HappinessEveryday‚ù§Ô∏è,1
#JanmashtamiSpl,1
#krishna,1
#krishnajayanthi,1
#seedai,1
#murukku,1
#FestiveComboBag,1
#PreOrdersOpen,1
#HurryUp,1
#rnrbiryani,1
#donnebiryani,1
#biriyani,1
#rnr,1
#masalapaneer,1
#cheese,1
#cottagecheese,1
#nostalgic,1
#sevai,1
#sgr777food,1
#ricesevai,1
#shavige,1
#ottushavige,1
#hubli,1
#DiscoverJoyWithAmazon,1
#collab,1
#paalkova,1
#milksweet,1
#milk,1
#therattipal,1
#vathakuzhambu,1
#kuzhambu,1
#sgr777foods,1
#puttu,1
#kadalacurry,1
#keralarecipes,1
#Makhan,1
#Parantha,1
#Rakhi,1
#Hampers,1
#village,1
#cow,1
#desi,1
#ghee,1
#ArnavResorts,1
#Murthal,1
#roasted,1
#dugdugdug,1
#fish,1
#anokha,1
#adhbhut,1
#awishvasniye,1
#foodiewe,1
#BikanerüòÑ,1
#dalmakhni,1
#dalmakhniroll,1
#justicefordaalmakhni,1
#butterchickrn,1
#butterchickenroll,1
#chinesechaat,1
#chatpata,1
#train,1
#gurgoan,1
#rail,1
#momos,1
#momo,1
#tibetian,1
#firemomos,1
#sizzlers,1
#viral,1
#mangoshake,1
#milkshake,1
#mangomania,1
#mumbaikar,1
#instareels,1
#aamras,1
#alphanso,1
#cholekulche,1
#asianstreetfood,1
#alootikki,1
#kulche,1
#deepfried,1
#khanakhazana,1
#paan,1
#daalmakhniicecream,1
#homecooked,1
#homecookedmeal,1
#dalchalwal,1
